account_id,industry,faixa_seats,assinaturas_novas,mrr_em_jogo,perda_esperada
A-18793f,EdTech,4) 29+ seats,10,75776,2845.3438735177865
A-0b0d6d,DevTools,1) 1-6 seats,11,30429,1781.2097560975612
A-9174e0,Cybersecurity,4) 29+ seats,14,46613,1750.290513833992
A-956988,EdTech,1) 1-6 seats,12,29407,1721.3853658536586
A-82d8a6,Cybersecurity,1) 1-6 seats,13,27626,1617.1317073170733
A-5c046d,EdTech,4) 29+ seats,4,40548,1522.5533596837945
A-c70870,Cybersecurity,4) 29+ seats,5,39025,1465.3656126482213
A-39ddf4,EdTech,4) 29+ seats,8,33876,1272.0237154150198
A-8bde0c,DevTools,2) 7-15 seats,14,31209,1267.3705583756343
A-0aaf6e,FinTech,1) 1-6 seats,2,21094,1234.7707317073173
A-56962b,EdTech,4) 29+ seats,1,32437,1217.990118577075
A-054577,EdTech,1) 1-6 seats,4,20093,1176.1756097560976
A-6965e1,DevTools,2) 7-15 seats,12,27765,1127.5126903553298
A-09316c,FinTech,4) 29+ seats,3,29190,1096.0671936758893
A-309e54,DevTools,2) 7-15 seats,10,26932,1093.6852791878173
A-d4e0d4,FinTech,4) 29+ seats,2,29016,1089.5335968379447
A-5790f4,FinTech,1) 1-6 seats,5,17334,1014.6731707317074
A-671f31,DevTools,4) 29+ seats,4,26373,990.290513833992
A-c37601,EdTech,1) 1-6 seats,6,14800,866.3414634146342
A-5fe118,Cybersecurity,4) 29+ seats,5,22290,836.9762845849801
A-902ef7,HealthTech,4) 29+ seats,4,22161,832.1324110671936
A-4814a3,Cybersecurity,4) 29+ seats,2,21576,810.1660079051383
A-b48f73,EdTech,4) 29+ seats,4,21360,802.0553359683795
A-b07346,HealthTech,4) 29+ seats,3,20298,762.1778656126481
A-0f6450,FinTech,3) 16-28 seats,11,23800,718.4905660377359
A-e4144b,EdTech,4) 29+ seats,6,19106,717.4189723320158
A-8b0451,FinTech,4) 29+ seats,4,19106,717.4189723320158
A-d40bf7,FinTech,4) 29+ seats,7,18644,700.0711462450593
A-503d5a,FinTech,1) 1-6 seats,2,11940,698.9268292682927
A-3a7284,FinTech,4) 29+ seats,7,18585,697.8557312252964
A-ac85cd,EdTech,4) 29+ seats,4,18316,687.7549407114624
A-76fa4d,HealthTech,4) 29+ seats,2,17112,642.5454545454546
A-0651a4,HealthTech,3) 16-28 seats,8,21270,642.1132075471698
A-bd4513,DevTools,4) 29+ seats,5,16750,628.9525691699605
A-bd4708,FinTech,4) 29+ seats,5,16539,621.0296442687747
A-cd458b,DevTools,2) 7-15 seats,4,14803,601.1370558375634
A-524364,DevTools,1) 1-6 seats,6,9552,559.1414634146341
A-d3c88e,DevTools,3) 16-28 seats,7,18247,550.8528301886793
A-039727,EdTech,3) 16-28 seats,7,18095,546.2641509433962
A-463db0,HealthTech,2) 7-15 seats,7,13266,538.720812182741
A-cc1d8d,FinTech,1) 1-6 seats,13,8947,523.7268292682927
A-e7a1e2,Cybersecurity,1) 1-6 seats,2,8946,523.6682926829269
A-7e0a10,FinTech,4) 29+ seats,1,13930,523.0632411067194
A-5f2961,HealthTech,1) 1-6 seats,6,8906,521.3268292682927
A-96bbc6,Cybersecurity,4) 29+ seats,3,13796,518.0316205533597
A-7920cc,Cybersecurity,4) 29+ seats,1,13731,515.5909090909091
A-812c5b,DevTools,4) 29+ seats,3,13640,512.1739130434783
A-b78bf8,DevTools,4) 29+ seats,5,13612,511.12252964426875
A-118f1c,Cybersecurity,4) 29+ seats,4,13344,501.0592885375494
A-31ab9a,FinTech,1) 1-6 seats,2,8557,500.89756097560974
A-6843f2,HealthTech,3) 16-28 seats,9,16520,498.7169811320755
A-17939a,HealthTech,1) 1-6 seats,9,8035,470.3414634146342
A-50f3f7,HealthTech,4) 29+ seats,2,12338,463.2845849802371
A-e60f9d,FinTech,4) 29+ seats,5,12093,454.0849802371541
A-310452,DevTools,2) 7-15 seats,5,11003,446.82233502538065
A-d27f50,Cybersecurity,4) 29+ seats,4,11748,441.1304347826087
A-22f2df,DevTools,1) 1-6 seats,9,7451,436.15609756097564
A-854864,FinTech,3) 16-28 seats,5,14379,434.0830188679245
A-3b5cd1,FinTech,2) 7-15 seats,2,10547,428.3045685279188
A-d26ab4,DevTools,2) 7-15 seats,3,10149,412.14213197969536
A-94f8c9,HealthTech,2) 7-15 seats,3,9998,406.0101522842639
A-2922b6,HealthTech,2) 7-15 seats,5,9934,403.41116751269027
A-89ee83,Cybersecurity,1) 1-6 seats,3,6823,399.39512195121955
A-c1e51e,FinTech,1) 1-6 seats,3,6729,393.89268292682925
A-f5641b,EdTech,4) 29+ seats,2,10474,393.29249011857706
A-f45426,HealthTech,2) 7-15 seats,2,9595,389.6446700507614
A-443f6f,Cybersecurity,3) 16-28 seats,8,12663,382.27924528301884
A-78f02b,HealthTech,2) 7-15 seats,2,9310,378.0710659898477
A-d62e02,Cybersecurity,1) 1-6 seats,4,6285,367.9024390243902
A-b07b56,DevTools,3) 16-28 seats,7,11884,358.7622641509434
A-e89151,FinTech,2) 7-15 seats,1,8756,355.5736040609137
A-b179bf,Cybersecurity,4) 29+ seats,3,9374,351.9881422924901
A-c43359,FinTech,4) 29+ seats,5,9006,338.16996047430825
A-0cc442,EdTech,4) 29+ seats,1,8955,336.25494071146244
A-716841,FinTech,4) 29+ seats,1,8955,336.25494071146244
A-e43bf7,Cybersecurity,4) 29+ seats,1,8756,328.7826086956522
A-7df7a7,DevTools,2) 7-15 seats,2,7960,323.248730964467
A-cbd1a3,DevTools,1) 1-6 seats,5,5311,310.88780487804877
A-726cfa,DevTools,2) 7-15 seats,1,7562,307.0862944162436
A-bcf87c,FinTech,2) 7-15 seats,3,7562,307.0862944162436
A-149a69,DevTools,4) 29+ seats,3,8058,302.57312252964425
A-66224b,HealthTech,4) 29+ seats,5,8004,300.5454545454545
A-9779ad,Cybersecurity,4) 29+ seats,1,7960,298.89328063241106
A-cbbe12,Cybersecurity,4) 29+ seats,1,7960,298.89328063241106
A-2d4502,FinTech,2) 7-15 seats,2,7354,298.6395939086294
A-c222ab,Cybersecurity,4) 29+ seats,2,7936,297.99209486166006
A-35083d,HealthTech,3) 16-28 seats,1,9751,294.3698113207547
A-db5e9e,DevTools,1) 1-6 seats,5,4899,286.7707317073171
A-712426,HealthTech,2) 7-15 seats,9,6932,281.50253807106594
A-fa3095,FinTech,4) 29+ seats,4,7420,278.61660079051387
A-2e4581,EdTech,2) 7-15 seats,3,6816,276.7918781725888
A-751c58,FinTech,2) 7-15 seats,3,6523,264.8934010152284
A-2789e3,FinTech,2) 7-15 seats,3,6509,264.32487309644665
A-88c6ca,FinTech,1) 1-6 seats,4,4459,261.01463414634145
A-139c3b,HealthTech,2) 7-15 seats,5,6271,254.65989847715733
A-eb1312,FinTech,3) 16-28 seats,6,8423,254.2792452830189
A-7f8241,EdTech,4) 29+ seats,1,6766,254.0592885375494
A-86902e,HealthTech,4) 29+ seats,1,6766,254.0592885375494
A-0354fe,Cybersecurity,4) 29+ seats,2,6766,254.0592885375494
A-de24d5,DevTools,1) 1-6 seats,7,4340,254.0487804878049
A-4c56c9,FinTech,2) 7-15 seats,3,6106,247.95939086294416
A-712f1c,DevTools,3) 16-28 seats,2,8196,247.42641509433963
A-118d55,Cybersecurity,2) 7-15 seats,7,5923,240.52791878172587
A-94c3cd,FinTech,4) 29+ seats,1,6368,239.11462450592884
A-592832,Cybersecurity,3) 16-28 seats,7,7843,236.76981132075474
A-6e08f3,Cybersecurity,2) 7-15 seats,2,5819,236.30456852791875
A-180abf,DevTools,4) 29+ seats,3,6272,235.50988142292488
A-8b25f2,Cybersecurity,1) 1-6 seats,2,4008,234.61463414634147
A-cea1f0,FinTech,2) 7-15 seats,2,5771,234.35532994923858
A-1b7577,Cybersecurity,1) 1-6 seats,4,3938,230.51707317073172
A-0a282f,DevTools,1) 1-6 seats,3,3933,230.2243902439025
A-adc1f3,Cybersecurity,1) 1-6 seats,4,3922,229.58048780487806
A-08e34e,EdTech,2) 7-15 seats,3,5628,228.54822335025378
A-bb1486,HealthTech,4) 29+ seats,3,6071,227.96245059288538
A-e2cd1b,DevTools,2) 7-15 seats,2,5445,221.11675126903555
A-fb186e,EdTech,4) 29+ seats,2,5771,216.697628458498
A-a0ca4e,Cybersecurity,2) 7-15 seats,1,5174,210.11167512690355
A-4bfa33,Cybersecurity,2) 7-15 seats,6,5165,209.746192893401
A-a2485e,FinTech,1) 1-6 seats,1,3383,198.02926829268293
A-4e44e8,DevTools,1) 1-6 seats,1,3383,198.02926829268293
A-e4bf56,HealthTech,3) 16-28 seats,4,6465,195.1698113207547
A-474ad4,EdTech,2) 7-15 seats,2,4776,193.9492385786802
A-410e86,FinTech,3) 16-28 seats,4,6408,193.4490566037736
A-a09355,FinTech,2) 7-15 seats,3,4746,192.73096446700504
A-bbc346,FinTech,3) 16-28 seats,3,6353,191.78867924528302
A-c16101,EdTech,2) 7-15 seats,2,4721,191.71573604060913
A-7c6b6b,FinTech,1) 1-6 seats,5,3250,190.2439024390244
A-0158bb,FinTech,1) 1-6 seats,2,3234,189.30731707317074
A-7a0d69,DevTools,1) 1-6 seats,1,3184,186.38048780487807
A-6f8ad2,EdTech,1) 1-6 seats,3,3131,183.2780487804878
A-016043,EdTech,1) 1-6 seats,2,3081,180.35121951219512
A-aa9511,DevTools,3) 16-28 seats,1,5970,180.22641509433961
A-e36807,EdTech,1) 1-6 seats,2,2988,174.90731707317076
A-53f4e3,Cybersecurity,2) 7-15 seats,3,4255,172.7918781725888
A-e08cd3,FinTech,4) 29+ seats,3,4556,171.07509881422925
A-40906c,EdTech,4) 29+ seats,1,4508,169.27272727272725
A-417d2f,Cybersecurity,1) 1-6 seats,2,2891,169.22926829268295
A-ced9aa,DevTools,1) 1-6 seats,5,2791,163.37560975609756
A-2446e3,EdTech,3) 16-28 seats,1,5373,162.20377358490566
A-5a215a,EdTech,4) 29+ seats,1,4263,160.07312252964425
A-8ae05d,FinTech,4) 29+ seats,2,4214,158.23320158102766
A-50bb9f,Cybersecurity,1) 1-6 seats,1,2646,154.8878048780488
A-c16b88,HealthTech,3) 16-28 seats,2,5014,151.36603773584906
A-e1b9cd,DevTools,4) 29+ seats,2,3920,147.19367588932806
A-5c9849,EdTech,3) 16-28 seats,4,4712,142.24905660377357
A-9badbd,Cybersecurity,1) 1-6 seats,2,2388,139.78536585365856
A-fabe19,DevTools,1) 1-6 seats,3,2388,139.78536585365853
A-ac9111,HealthTech,3) 16-28 seats,2,4578,138.20377358490566
A-cc8c8f,DevTools,3) 16-28 seats,2,4577,138.1735849056604
A-034368,EdTech,3) 16-28 seats,1,4577,138.1735849056604
A-533452,DevTools,2) 7-15 seats,4,3391,137.70558375634516
A-bcf664,DevTools,1) 1-6 seats,1,2303,134.80975609756098
A-5b1bcd,DevTools,4) 29+ seats,1,3577,134.31422924901185
A-7f29a7,Cybersecurity,4) 29+ seats,3,3567,133.9387351778656
A-d42431,FinTech,3) 16-28 seats,1,4378,132.16603773584905
A-ffc04f,EdTech,2) 7-15 seats,2,3232,131.248730964467
A-d535f6,DevTools,2) 7-15 seats,3,3185,129.34010152284264
A-34ea2f,HealthTech,2) 7-15 seats,1,3184,129.2994923857868
A-ce550d,HealthTech,4) 29+ seats,2,3430,128.79446640316206
A-0baac2,FinTech,2) 7-15 seats,2,3147,127.7969543147208
A-2d1036,FinTech,4) 29+ seats,1,3381,126.95454545454545
A-09540c,Cybersecurity,4) 29+ seats,1,3283,123.27470355731225
A-90a8c8,FinTech,2) 7-15 seats,1,2985,121.21827411167511
A-396e5f,Cybersecurity,1) 1-6 seats,2,2064,120.81951219512196
A-186a44,HealthTech,3) 16-28 seats,2,3980,120.15094339622641
A-692f18,EdTech,1) 1-6 seats,1,1990,116.48780487804879
A-e51ec7,FinTech,1) 1-6 seats,1,1990,116.48780487804879
A-a33200,HealthTech,4) 29+ seats,2,3050,114.52569169960475
A-6f50ae,FinTech,3) 16-28 seats,1,3781,114.14339622641509
A-427b69,FinTech,3) 16-28 seats,3,3706,111.87924528301888
A-b7724f,HealthTech,1) 1-6 seats,2,1900,111.21951219512195
A-c4ea60,FinTech,3) 16-28 seats,1,3582,108.13584905660377
A-fd9422,Cybersecurity,4) 29+ seats,2,2842,106.71541501976284
A-625d0b,EdTech,2) 7-15 seats,2,2624,106.55837563451774
A-ab438f,Cybersecurity,2) 7-15 seats,2,2587,105.05583756345177
A-d922bf,HealthTech,1) 1-6 seats,1,1791,104.8390243902439
A-3cc791,EdTech,1) 1-6 seats,1,1764,103.25853658536586
A-7d514c,HealthTech,3) 16-28 seats,1,3383,102.12830188679246
A-65a46c,HealthTech,1) 1-6 seats,1,1715,100.39024390243902
A-86cdb4,DevTools,1) 1-6 seats,3,1703,99.68780487804878
A-4a4c2d,DevTools,4) 29+ seats,1,2646,99.35573122529644
A-0f7d77,FinTech,1) 1-6 seats,3,1673,97.93170731707318
A-40a557,Cybersecurity,3) 16-28 seats,1,3184,96.12075471698114
A-5a92e7,HealthTech,1) 1-6 seats,4,1562,91.43414634146342
A-104f1a,Cybersecurity,3) 16-28 seats,3,2998,90.50566037735848
A-ccb686,DevTools,2) 7-15 seats,2,2199,89.29949238578679
A-faa28c,HealthTech,4) 29+ seats,1,2352,88.31620553359683
A-10b8f2,HealthTech,4) 29+ seats,1,2352,88.31620553359683
A-029f69,Cybersecurity,1) 1-6 seats,4,1478,86.51707317073172
A-313be3,EdTech,4) 29+ seats,2,2303,86.47628458498023
A-0dbdc6,Cybersecurity,4) 29+ seats,1,2303,86.47628458498023
A-9289f6,EdTech,1) 1-6 seats,3,1472,86.16585365853659
A-cb5333,DevTools,4) 29+ seats,2,2244,84.26086956521738
A-c16cf7,EdTech,2) 7-15 seats,4,2041,82.88324873096445
A-02cd81,HealthTech,4) 29+ seats,1,2156,80.95652173913044
A-dfbd31,DevTools,2) 7-15 seats,2,1981,80.44670050761421
A-0532a9,FinTech,3) 16-28 seats,3,2566,77.46415094339622
A-ed510f,Cybersecurity,4) 29+ seats,1,2058,77.27667984189723
A-87aa7b,HealthTech,3) 16-28 seats,1,2499,75.44150943396227
A-2ebb4b,HealthTech,4) 29+ seats,1,2009,75.43675889328063
A-439b2f,DevTools,1) 1-6 seats,1,1274,74.57560975609756
A-fe79a5,HealthTech,2) 7-15 seats,2,1791,72.73096446700507
A-3a5ad8,HealthTech,2) 7-15 seats,2,1791,72.73096446700507
A-ad296b,DevTools,4) 29+ seats,1,1862,69.91699604743083
A-2bc93d,HealthTech,2) 7-15 seats,1,1715,69.64467005076142
A-cab532,DevTools,2) 7-15 seats,1,1715,69.64467005076142
A-4c38bc,HealthTech,4) 29+ seats,1,1764,66.23715415019763
A-bcbe98,Cybersecurity,4) 29+ seats,2,1748,65.63636363636364
A-068fc6,EdTech,4) 29+ seats,1,1715,64.39723320158103
A-42b791,FinTech,1) 1-6 seats,2,1066,62.400000000000006
A-bb2f49,Cybersecurity,2) 7-15 seats,2,1524,61.88832487309644
A-b2af2e,Cybersecurity,1) 1-6 seats,1,1026,60.05853658536586
A-e83938,DevTools,1) 1-6 seats,1,1026,60.05853658536586
A-462d45,Cybersecurity,2) 7-15 seats,1,1470,59.69543147208121
A-700ade,Cybersecurity,1) 1-6 seats,2,999,58.47804878048781
A-81edc3,Cybersecurity,1) 1-6 seats,1,995,58.243902439024396
A-e3bd71,Cybersecurity,4) 29+ seats,1,1519,57.037549407114625
A-756192,FinTech,3) 16-28 seats,1,1862,56.21132075471698
A-54d94a,Cybersecurity,3) 16-28 seats,2,1836,55.426415094339625
A-e7beab,EdTech,1) 1-6 seats,1,931,54.49756097560976
A-6a7c9d,Cybersecurity,3) 16-28 seats,2,1787,53.947169811320755
A-df1e44,Cybersecurity,2) 7-15 seats,2,1253,50.88324873096446
A-7cfe77,DevTools,4) 29+ seats,1,1311,49.22727272727273
A-6e7827,DevTools,1) 1-6 seats,1,833,48.7609756097561
A-bf7919,HealthTech,1) 1-6 seats,5,825,48.292682926829265
A-7c83a1,Cybersecurity,2) 7-15 seats,1,1176,47.75634517766497
A-4437e4,Cybersecurity,1) 1-6 seats,2,768,44.95609756097561
A-52dd88,Cybersecurity,3) 16-28 seats,1,1470,44.37735849056604
A-5b4ebb,Cybersecurity,3) 16-28 seats,2,1470,44.37735849056604
A-f92792,FinTech,1) 1-6 seats,3,753,44.078048780487805
A-c37cab,Cybersecurity,2) 7-15 seats,2,1074,43.614213197969534
A-9077b0,HealthTech,1) 1-6 seats,3,741,43.37560975609756
A-f17767,DevTools,1) 1-6 seats,1,735,43.02439024390244
A-fda07f,Cybersecurity,2) 7-15 seats,2,1050,42.639593908629436
A-f25509,EdTech,4) 29+ seats,1,1083,40.666007905138336
A-c62e55,EdTech,1) 1-6 seats,1,686,40.15609756097561
A-2f6a32,HealthTech,3) 16-28 seats,2,1292,39.00377358490566
A-67be94,EdTech,3) 16-28 seats,1,1274,38.46037735849057
A-970c97,HealthTech,2) 7-15 seats,1,931,37.80710659898477
A-00cac8,HealthTech,2) 7-15 seats,1,931,37.80710659898477
A-bb1eaa,Cybersecurity,3) 16-28 seats,1,1225,36.9811320754717
A-eb7c38,DevTools,1) 1-6 seats,1,627,36.702439024390245
A-d49cc5,Cybersecurity,4) 29+ seats,1,950,35.67193675889328
A-b7b7b7,FinTech,3) 16-28 seats,1,1176,35.50188679245283
A-1f0ac7,HealthTech,3) 16-28 seats,1,1176,35.50188679245283
A-c7ffc2,Cybersecurity,4) 29+ seats,1,931,34.958498023715414
A-b7ef83,Cybersecurity,1) 1-6 seats,1,588,34.41951219512195
A-e888d1,Cybersecurity,2) 7-15 seats,1,833,33.827411167512686
A-b2225d,FinTech,4) 29+ seats,1,893,33.53162055335968
A-f3ff05,FinTech,1) 1-6 seats,1,570,33.36585365853659
A-5f7781,DevTools,3) 16-28 seats,1,1078,32.5433962264151
A-5b051a,Cybersecurity,3) 16-28 seats,1,1078,32.5433962264151
A-fd7ad3,Cybersecurity,1) 1-6 seats,1,551,32.25365853658537
A-7f6b86,HealthTech,4) 29+ seats,1,855,32.10474308300395
A-bc87bc,FinTech,1) 1-6 seats,3,546,31.960975609756098
A-378b99,EdTech,2) 7-15 seats,2,784,31.837563451776646
A-4ae22a,EdTech,1) 1-6 seats,1,532,31.14146341463415
A-5ed98d,DevTools,3) 16-28 seats,2,1026,30.973584905660378
A-7c4956,DevTools,1) 1-6 seats,1,513,30.02926829268293
A-71615e,EdTech,2) 7-15 seats,1,735,29.847715736040605
A-0a62f5,FinTech,3) 16-28 seats,2,893,26.95849056603774
A-328bd0,HealthTech,3) 16-28 seats,1,882,26.626415094339624
A-712533,EdTech,3) 16-28 seats,1,882,26.626415094339624
A-d4ac0e,DevTools,3) 16-28 seats,1,882,26.626415094339624
A-544d0a,DevTools,1) 1-6 seats,2,436,25.521951219512196
A-2edab2,HealthTech,3) 16-28 seats,1,833,25.147169811320754
A-bc4d48,EdTech,4) 29+ seats,1,665,24.970355731225297
A-ff79f2,DevTools,2) 7-15 seats,1,589,23.918781725888323
A-f97b9a,FinTech,3) 16-28 seats,1,784,23.66792452830189
A-2b9d3e,EdTech,1) 1-6 seats,1,398,23.29756097560976
A-ee42db,EdTech,2) 7-15 seats,1,570,23.147208121827408
A-acb7f7,EdTech,4) 29+ seats,1,608,22.8300395256917
A-3be56b,HealthTech,1) 1-6 seats,1,380,22.243902439024392
A-eb2fdc,DevTools,4) 29+ seats,1,589,22.116600790513832
A-f19b24,Cybersecurity,4) 29+ seats,1,551,20.6897233201581
A-b54c01,DevTools,4) 29+ seats,1,551,20.6897233201581
A-f19409,DevTools,3) 16-28 seats,1,665,20.07547169811321
A-59f724,HealthTech,1) 1-6 seats,1,342,20.01951219512195
A-8145a0,Cybersecurity,1) 1-6 seats,1,285,16.682926829268293
A-fce879,EdTech,2) 7-15 seats,1,399,16.203045685279186
A-702032,HealthTech,3) 16-28 seats,1,532,16.060377358490566
A-8ae3fc,DevTools,2) 7-15 seats,1,380,15.431472081218272
A-b30291,HealthTech,1) 1-6 seats,1,245,14.341463414634147
A-4f18f0,DevTools,3) 16-28 seats,1,456,13.766037735849057
A-bb3bd4,HealthTech,3) 16-28 seats,2,437,13.19245283018868
A-a8d89d,EdTech,2) 7-15 seats,1,323,13.116751269035532
A-4e631b,FinTech,3) 16-28 seats,1,418,12.618867924528303
A-1e6fc3,EdTech,1) 1-6 seats,1,199,11.64878048780488
A-4d1e75,DevTools,3) 16-28 seats,2,380,11.471698113207546
A-cc102e,HealthTech,2) 7-15 seats,2,247,10.030456852791877
A-4e960a,FinTech,2) 7-15 seats,1,228,9.258883248730964
A-781cc0,EdTech,2) 7-15 seats,1,228,9.258883248730964
A-443b7c,Cybersecurity,1) 1-6 seats,1,152,8.897560975609757
A-c42f1f,HealthTech,2) 7-15 seats,1,152,6.1725888324873095
A-038089,DevTools,1) 1-6 seats,1,95,5.560975609756098
A-6c093d,DevTools,2) 7-15 seats,1,0,0.0
A-f44180,Cybersecurity,2) 7-15 seats,2,0,0.0
A-089363,FinTech,1) 1-6 seats,1,0,0.0
A-7dacce,Cybersecurity,2) 7-15 seats,1,0,0.0
A-7988d1,Cybersecurity,4) 29+ seats,1,0,0.0
A-fa2041,HealthTech,2) 7-15 seats,1,0,0.0
A-f9cc74,DevTools,4) 29+ seats,3,0,0.0
A-6da850,FinTech,1) 1-6 seats,1,0,0.0
A-86fc1d,DevTools,3) 16-28 seats,1,0,0.0
A-659280,FinTech,2) 7-15 seats,1,0,0.0
A-7c5768,HealthTech,1) 1-6 seats,1,0,0.0
A-a45270,HealthTech,1) 1-6 seats,1,0,0.0
A-922109,Cybersecurity,1) 1-6 seats,1,0,0.0
A-4e0e85,DevTools,1) 1-6 seats,1,0,0.0
A-508199,FinTech,3) 16-28 seats,1,0,0.0
A-560d27,DevTools,3) 16-28 seats,1,0,0.0
A-b3fe05,Cybersecurity,2) 7-15 seats,1,0,0.0
A-ae052e,FinTech,4) 29+ seats,1,0,0.0
A-1ac5e0,DevTools,4) 29+ seats,2,0,0.0
A-3932db,HealthTech,3) 16-28 seats,1,0,0.0
A-0be015,FinTech,3) 16-28 seats,2,0,0.0
A-1b707d,Cybersecurity,1) 1-6 seats,1,0,0.0
A-019782,DevTools,2) 7-15 seats,1,0,0.0
A-e6afc1,DevTools,1) 1-6 seats,1,0,0.0
